cappuccino;small
latte;small
cappuccino;large
cappuccino;large
raff;medium
raff;small
latte;small
latte;large
latte;large
latte;medium
cappuccino;medium
latte;large
cappuccino;medium
cappuccino;large
latte;large
cappuccino;medium
raff;small
latte;small
cappuccino;medium
latte;large
cappuccino;small
latte;small
raff;large
raff;medium
raff;medium
raff;small
cappuccino;medium
cappuccino;small
cappuccino;medium
cappuccino;medium
cappuccino;medium
cappuccino;medium
cappuccino;large
raff;large
cappuccino;medium
cappuccino;large
cappuccino;small
cappuccino;medium
latte;large
latte;small
latte;small
raff;medium
raff;large
latte;small
cappuccino;medium
cappuccino;medium
cappuccino;medium
latte;medium
cappuccino;medium
cappuccino;small
raff;small
raff;large
raff;small
cappuccino;medium
raff;small
cappuccino;medium
cappuccino;medium
raff;small
raff;medium
latte;small
cappuccino;medium
latte;large
raff;large
cappuccino;large
latte;medium
latte;medium
raff;small
cappuccino;medium
latte;small
cappuccino;large
cappuccino;small
latte;large
latte;large
raff;small
latte;large
cappuccino;medium
raff;small
latte;large
latte;large
cappuccino;large
raff;small
cappuccino;medium
latte;small
cappuccino;small
raff;large
raff;small
latte;small
latte;medium
cappuccino;large
raff;large
raff;large
raff;small
cappuccino;large
cappuccino;small
raff;small
cappuccino;medium
cappuccino;large
raff;large
latte;medium
cappuccino;large
raff;large
cappuccino;medium
cappuccino;medium
cappuccino;large
cappuccino;medium
latte;small
raff;medium
raff;small
raff;large
raff;medium
raff;small
latte;small
cappuccino;small
latte;large
latte;medium
cappuccino;large
cappuccino;large
latte;large
latte;large
cappuccino;small
latte;medium
latte;medium
cappuccino;medium
latte;medium
latte;small
latte;small
raff;large
cappuccino;small
raff;medium
raff;medium
raff;small
cappuccino;large
raff;medium
raff;small
cappuccino;large
latte;small
latte;medium
latte;large
cappuccino;medium
cappuccino;medium
raff;large
cappuccino;medium
cappuccino;large
cappuccino;medium
latte;medium
latte;small
cappuccino;large
latte;small
raff;small
raff;large
